batch_id,item_type,perishability_score,volume_liters,weight_kg,priority_level,temperature_requirement,origin_lat,origin_lon,destination_lat,destination_lon,truck_id,num_stops,stop_locations
BATCH_1756070C4039,soup,3,85.91,111.71,Low,ambient,14.23247,81.079624,25.598157,89.255905,TRUCK_001,1,Stop_caa28629
BATCH_7EE822F02B32,broccoli,6,427.33,99.36,High,refrigerated,26.908625,86.762158,35.881668,85.417854,TRUCK_001,1,Stop_ab441d05
BATCH_9EA8BE64B6B6,juice,4,264.45,98.2,Low,ambient,11.041549,69.205815,24.522476,84.249693,TRUCK_001,3,"Stop_59b778a0,Stop_0ce8e723,Stop_aa6ca3dd"
BATCH_199A603AAFF1,deli_meat,8,289.42,144.49,High,refrigerated,15.807941,90.654711,23.064416,84.32598,TRUCK_001,3,"Stop_c12eba8a,Stop_8a6b6fdd,Stop_7eb968df"
BATCH_B1EF1A8FE79E,butter,5,439.84,204.96,Medium,ambient,28.594694,86.348565,12.437893,84.621362,TRUCK_002,2,"Stop_390262b9,Stop_a4951b37"
BATCH_1DE37BC43435,soup,3,55.8,156.1,Low,ambient,30.463209,77.019726,15.129239,96.41324,TRUCK_002,4,"Stop_79e06b76,Stop_f34193cf,Stop_1149987b,Stop_0b1b59f0"
BATCH_7665C0C5D049,pharmaceuticals,9,155.57,234.52,High,refrigerated,21.927284,93.463557,21.006585,72.006878,TRUCK_002,1,Stop_3fc6e4a6
BATCH_84C64811FF38,milk,8,76.17,73.06,Medium,refrigerated,20.081479,81.750117,11.77344,78.34586,TRUCK_003,2,"Stop_bd31e50b,Stop_6fecf742"
BATCH_59B048BE1D98,milk,8,340.19,39.91,Medium,refrigerated,29.702119,68.835002,8.635444,77.899617,TRUCK_003,2,"Stop_76d293d5,Stop_8ae51d20"
BATCH_7FAF9D1863ED,carrots,4,305.55,157.82,Low,ambient,16.934081,79.808655,28.952051,78.817024,TRUCK_003,3,"Stop_6cf7108a,Stop_b14d004b,Stop_43a1a22f"
BATCH_1BF637784C8C,fruits,6,273.87,200.55,Low,refrigerated,33.975161,74.423896,12.42509,84.873215,TRUCK_003,1,Stop_be484ff8
BATCH_F4FA4D90431C,butter,5,135.77,75.13,Low,ambient,24.260011,86.969097,17.386011,93.265495,TRUCK_004,3,"Stop_ac946c25,Stop_4db9f4b8,Stop_a30935ed"
BATCH_CE4F570E56B9,cheese,6,278.14,275.74,Medium,refrigerated,17.342893,92.222954,14.297198,93.857067,TRUCK_005,1,Stop_597654d8
BATCH_6AAE42358753,butter,5,121.63,109.55,Low,ambient,36.787954,84.706072,17.67885,86.473114,TRUCK_006,2,"Stop_016e4594,Stop_27f9f453"
BATCH_C008074196F7,meat,9,284.34,39.31,Medium,refrigerated,29.067987,96.591378,13.711651,87.174517,TRUCK_006,3,"Stop_3075e963,Stop_306ed7f6,Stop_6f7fbc78"
BATCH_DC67D9C1DAEE,vegetables,5,372.25,59.16,Medium,ambient,11.635203,73.82456,18.661608,75.597001,TRUCK_007,2,"Stop_981db2db,Stop_f5c17c1f"
BATCH_8A5E66604731,sausage,7,272.59,59.88,Medium,refrigerated,10.311749,70.993506,13.287084,79.239289,TRUCK_007,1,Stop_f55b5d6f
BATCH_605F4482EDB5,cream,8,478.73,53.58,Low,refrigerated,18.571341,86.902767,24.957081,72.254381,TRUCK_007,2,"Stop_d8a6d4e8,Stop_153dc749"
BATCH_77632430A3E2,spinach,8,419.97,30.13,High,refrigerated,22.082636,76.807411,27.312489,77.31147,TRUCK_008,2,"Stop_c0123fe5,Stop_751ae412"
BATCH_B4C7E741701A,cheese,6,138.95,36.29,Low,refrigerated,12.46964,96.860438,18.45936,87.973899,TRUCK_009,3,"Stop_509bfd24,Stop_fd8ef7c8,Stop_62eda787"
BATCH_78FDA0E03067,vegetables,5,207.73,98.19,Medium,ambient,29.896925,79.986295,17.993468,75.073292,TRUCK_009,3,"Stop_12eab8c8,Stop_8f91ffb0,Stop_c46fb29b"
BATCH_9C874DD49F29,vegetables,5,202.31,106.76,Low,ambient,32.166762,94.760887,32.234644,88.395986,TRUCK_009,3,"Stop_d0386070,Stop_928a446c,Stop_f7b7bebd"
BATCH_9C22B34BBADB,pharmaceuticals,9,281.92,157.95,Low,refrigerated,21.112171,69.087318,20.487895,70.160631,TRUCK_010,3,"Stop_77555dc0,Stop_e4e68e4e,Stop_4bdd55af"
BATCH_904D06C8F16E,lassi,6,53.68,221.92,Medium,refrigerated,19.149789,89.550151,17.892724,79.471789,TRUCK_011,2,"Stop_857f9cf5,Stop_28816433"
BATCH_D8879F16753E,cheese,6,247.92,216.39,High,refrigerated,30.69463,92.735172,31.93511,90.782074,TRUCK_012,4,"Stop_edfa5890,Stop_9f21b330,Stop_cb352dc0,Stop_0c4056bb"
BATCH_B65353FDED78,eggs,6,218.73,246.22,High,refrigerated,13.400444,93.284606,36.286584,91.850511,TRUCK_012,2,"Stop_e5c4dc65,Stop_8503f61c"
BATCH_A6B29A3CA6BD,broccoli,6,244.99,281.91,Low,refrigerated,22.451391,94.620172,20.845205,75.513358,TRUCK_012,1,Stop_13abeb37
BATCH_D534EC8EC517,vegetables,5,324.96,98.55,High,ambient,24.653621,87.088046,25.767362,76.999469,TRUCK_013,3,"Stop_68d84c4f,Stop_214eed60,Stop_65034b7a"
BATCH_8BE24920929A,broccoli,6,462.62,152.93,High,refrigerated,21.524978,84.643465,16.855763,92.867466,TRUCK_014,4,"Stop_5cec740c,Stop_376bb359,Stop_e2e8f12d,Stop_c33330d8"
BATCH_CBF5E2C451B3,yogurt,7,74.39,102.03,High,refrigerated,17.970875,72.3955,19.298359,80.326755,TRUCK_015,4,"Stop_5e613c87,Stop_3d56e860,Stop_5d2e0ed7,Stop_73278d88"
BATCH_038BDB1B9E4E,sausage,7,340.44,122.51,Low,refrigerated,13.763486,81.260752,36.705748,71.408893,TRUCK_015,2,"Stop_fc4f0dd2,Stop_14fa5520"
BATCH_9A17E4D5272A,paneer,8,64.9,281.85,Medium,refrigerated,36.077299,97.130534,34.874871,88.059763,TRUCK_015,2,"Stop_6dd4055c,Stop_23bcad02"
BATCH_4E02F2AB346D,ice_cream,10,328.92,44.15,Low,frozen,18.886722,71.151521,8.690792,80.958091,TRUCK_015,3,"Stop_5bc58ed8,Stop_562ebbb2,Stop_878dcf2a"
BATCH_267BFCCE18FC,amras,5,99.2,139.99,Low,ambient,16.26357,82.535494,9.19953,80.526447,TRUCK_016,2,"Stop_a20783c0,Stop_be2e467f"
BATCH_69B4850A9BED,vaccines,10,297.47,110.38,Low,refrigerated,33.935829,87.780015,24.714095,74.464294,TRUCK_016,3,"Stop_26346a71,Stop_4c4c6519,Stop_b96f4203"
BATCH_3E534267D9EF,soup,3,494.39,236.84,Medium,ambient,24.738646,70.137363,8.7069,94.910333,TRUCK_016,1,Stop_7a6187d6
BATCH_6B626DF02379,paneer,8,355.39,233.49,High,refrigerated,20.007503,87.939071,24.99513,78.567782,TRUCK_016,4,"Stop_1d03251e,Stop_0968636f,Stop_20ddd164,Stop_b790a329"
BATCH_272DECFBC40B,cream,8,225.83,100.72,Low,refrigerated,18.982168,79.547241,34.682806,75.193316,TRUCK_017,4,"Stop_9d44883b,Stop_8fa71491,Stop_eb85d475,Stop_e219c1fa"
BATCH_3DE90786F909,eggs,6,493.06,142.07,Medium,refrigerated,21.593811,82.711227,20.665746,80.284519,TRUCK_017,1,Stop_1854c6be
BATCH_CFA61D048132,frozen_foods,9,407.61,81.39,High,frozen,12.002368,73.814703,23.529742,76.776329,TRUCK_018,3,"Stop_384af485,Stop_a04e9f09,Stop_96e36625"
BATCH_6FD987F1A321,juice,4,161.74,161.6,High,ambient,34.406769,84.956452,24.299426,80.69471,TRUCK_018,4,"Stop_b023a567,Stop_3ed841eb,Stop_00fecd35,Stop_00d42955"
BATCH_BD6B91F57971,idli_dosa_batter,7,83.87,82.75,Low,refrigerated,18.909067,80.835791,30.505067,96.939209,TRUCK_019,4,"Stop_6f97e020,Stop_f00aec32,Stop_0a9481b7,Stop_0befd085"
BATCH_CF5A5913DD55,chicken,9,116.79,224.85,High,refrigerated,27.138545,87.751637,30.291474,81.384503,TRUCK_019,1,Stop_e9ba08db
BATCH_AB3CE37006C8,amras,5,346.86,99.23,Medium,ambient,34.845146,84.045036,33.495486,80.840345,TRUCK_020,2,"Stop_bd915797,Stop_262d992d"
BATCH_7B6AD54E7F88,blood_products,10,321.51,193.54,Medium,refrigerated,23.630361,89.292196,14.212235,86.410011,TRUCK_020,4,"Stop_a70c0834,Stop_f8d36ab3,Stop_f329bde4,Stop_4403e532"
BATCH_3062FC560832,frozen_foods,9,366.29,84.19,Medium,frozen,23.319717,74.191154,34.82782,94.147177,TRUCK_021,4,"Stop_4e91aa43,Stop_3af50c02,Stop_f18cf6a7,Stop_c8c72569"
BATCH_A71CBB5A2DC9,pharmaceuticals,9,384.64,235.11,Medium,refrigerated,10.564442,75.130109,21.723391,75.391093,TRUCK_021,4,"Stop_aa3780ba,Stop_8528447e,Stop_cd18ebdd,Stop_e4890f3e"
BATCH_5CCCA9899D32,vegetables,5,84.87,41.65,High,ambient,28.936807,91.20064,36.814902,69.864403,TRUCK_021,1,Stop_651e4445
BATCH_ACC77AD45DCB,curd,7,116.54,220.44,Low,refrigerated,32.642879,73.360045,24.017174,94.740459,TRUCK_022,4,"Stop_275b04d0,Stop_b345030c,Stop_711bee99,Stop_107e3a62"
BATCH_2D57A58FBA20,carrots,4,338.77,66.3,Medium,ambient,24.944534,74.838909,35.76282,82.507157,TRUCK_022,3,"Stop_3ce28546,Stop_597783c8,Stop_2befaf5b"
BATCH_F5F116184B1E,paneer,8,288.33,37.55,High,refrigerated,23.537471,81.500839,30.915526,85.335474,TRUCK_023,3,"Stop_f33b14e0,Stop_ba35b934,Stop_4dfe69f8"
BATCH_1D668186AC3A,fruits,6,138.28,125.36,Low,refrigerated,27.261813,96.279828,32.689298,83.496111,TRUCK_023,1,Stop_f9575d0b
BATCH_007F2536AC4E,frozen_foods,9,494.72,255.37,High,frozen,17.794468,79.09525,21.422727,95.501262,TRUCK_024,2,"Stop_88159561,Stop_3c734b60"
BATCH_BB872D999725,eggs,6,474.3,134.06,Low,refrigerated,14.908511,72.834684,23.635721,71.718488,TRUCK_024,3,"Stop_e081f194,Stop_f56db1f0,Stop_2e0d952c"
BATCH_EAE6DEB8D2D3,cream,8,157.86,276.82,Low,refrigerated,22.789636,75.555108,12.422911,91.79178,TRUCK_024,3,"Stop_d21935ff,Stop_82aaf5ce,Stop_d917041a"
BATCH_7876E3854D3C,fish,9,269.85,253.96,Low,refrigerated,31.574882,71.703018,17.213723,77.819101,TRUCK_024,2,"Stop_522ccbdf,Stop_14ec07f9"
BATCH_21CD770DAD86,tomatoes,5,293.51,208.93,Low,ambient,26.13114,79.706174,26.100921,85.498477,TRUCK_025,3,"Stop_b9b2b03a,Stop_fb85049e,Stop_116cc016"
BATCH_E103CA800262,eggs,6,305.95,223.51,Medium,refrigerated,36.324825,95.787375,15.823546,89.580858,TRUCK_025,3,"Stop_ee6689b5,Stop_5af5d02b,Stop_b9454445"
BATCH_CFF5A9F5D55E,amras,5,360.12,49.64,High,ambient,14.281317,75.08359,18.982901,78.813091,TRUCK_025,3,"Stop_7ea171a5,Stop_24f3b39c,Stop_63100549"
BATCH_B50D18508231,curd,7,57.21,157.13,High,refrigerated,12.686781,87.660978,29.838957,76.53149,TRUCK_026,4,"Stop_0775ac52,Stop_b47de323,Stop_6445319a,Stop_4bf31bbd"
BATCH_E75226FE799B,milk,8,488.96,205.85,High,refrigerated,11.143081,70.876081,19.730284,91.418393,TRUCK_027,4,"Stop_ed565500,Stop_63f87059,Stop_df80e76a,Stop_5d1a1574"
BATCH_803B9DB60E67,vaccines,10,57.5,27.47,Low,refrigerated,16.337168,69.287011,11.233274,74.225374,TRUCK_027,2,"Stop_0033ec17,Stop_7de6ce25"
BATCH_A6A74684937A,eggs,6,335.19,149.21,Medium,refrigerated,20.163649,75.374515,25.742045,81.838124,TRUCK_027,4,"Stop_ecc7ab8b,Stop_2026b723,Stop_06c22f63,Stop_9688a8f8"
BATCH_D38DE2A66855,eggs,6,207.11,289.36,High,refrigerated,36.817521,86.136583,29.000194,85.246701,TRUCK_028,1,Stop_7a83adf4
BATCH_F7F1E25E7E2B,frozen_foods,9,335.02,195.21,Low,frozen,29.403247,80.078929,22.682595,70.421976,TRUCK_028,1,Stop_8816e182
BATCH_8BEADFC3C038,soup,3,103.46,77.42,Medium,ambient,33.802289,78.067463,26.956874,77.3113,TRUCK_029,3,"Stop_36004f37,Stop_815b4181,Stop_2beef496"
BATCH_78E8EB230856,pharmaceuticals,9,135.19,136.06,Low,refrigerated,32.526419,83.65398,17.087067,75.330526,TRUCK_030,2,"Stop_6d100fcc,Stop_169bf66a"
BATCH_BAC5CF5A1761,berries,8,405.77,31.93,Medium,refrigerated,28.961416,77.44492,14.555474,94.435342,TRUCK_030,3,"Stop_5ec1ce52,Stop_b18ed7e9,Stop_25fc44e6"
BATCH_F23D2BE9C5EB,chicken,9,194.9,38.34,Low,refrigerated,14.243296,91.504043,21.792082,78.408069,TRUCK_030,3,"Stop_138c0e7c,Stop_da12477c,Stop_a5748f69"
BATCH_61027CEBEAAF,berries,8,496.79,262.97,Medium,refrigerated,35.802125,72.520027,33.711236,95.216418,TRUCK_030,3,"Stop_3c8a4a33,Stop_21e00c95,Stop_4952064d"
BATCH_61FD776F8F10,idli_dosa_batter,7,88.22,43.5,Medium,refrigerated,17.314763,94.105374,22.871585,73.918421,TRUCK_031,2,"Stop_eec3a625,Stop_56aa79c9"
BATCH_831A67E5F3AC,milk,8,425.83,194.71,High,refrigerated,26.111062,72.836924,9.78671,72.131312,TRUCK_031,4,"Stop_13a30078,Stop_71783c0b,Stop_67b18db6,Stop_7e8a2362"
BATCH_E3CA7A34B36D,deli_meat,8,162.1,96.5,Medium,refrigerated,10.262093,77.113739,31.412354,93.59772,TRUCK_031,3,"Stop_7bd97818,Stop_deb84f37,Stop_52c4ea62"
BATCH_1F07E0A79B5A,carrots,4,258.83,76.27,Medium,ambient,14.487525,94.465073,12.336088,75.307483,TRUCK_032,1,Stop_6bc9f0e1
BATCH_5F7B5FE43B1D,fruits,6,255.0,147.38,Low,refrigerated,27.263315,96.529213,35.946067,82.131865,TRUCK_032,2,"Stop_404f4aae,Stop_c926e882"
BATCH_24AF638C7A68,fruits,6,352.87,254.83,Medium,refrigerated,12.026975,79.498011,11.437281,77.02134,TRUCK_033,1,Stop_9a066fff
BATCH_EB80BC99543F,spinach,8,229.05,213.47,Medium,refrigerated,35.839647,70.652776,31.806266,87.193179,TRUCK_033,1,Stop_4de2221a
BATCH_2B507570E2F2,bacon,7,257.1,286.86,High,refrigerated,13.451778,91.612922,14.304605,74.428486,TRUCK_033,2,"Stop_d88ce171,Stop_15758181"
BATCH_184207A00926,soup,3,437.58,290.49,High,ambient,19.937812,81.537577,32.54298,69.878119,TRUCK_034,4,"Stop_c5baab86,Stop_90f66f29,Stop_88f2574b,Stop_6f2ca159"
BATCH_663F53250BD5,tomatoes,5,350.5,163.84,Medium,ambient,27.256597,95.521255,31.934984,90.742544,TRUCK_035,1,Stop_f37a27ad
BATCH_699E8769D735,vegetables,5,104.81,30.22,Low,ambient,16.755059,90.401867,29.635147,72.274183,TRUCK_035,2,"Stop_2b9cef16,Stop_32658d2e"
BATCH_E721BFCD414E,paneer,8,318.09,43.31,High,refrigerated,27.182428,88.336245,33.949963,96.703156,TRUCK_035,4,"Stop_48db76fa,Stop_c21fbb6c,Stop_bc4b27c4,Stop_3700b73c"
BATCH_8BFD671EDAE6,vaccines,10,464.89,296.9,Medium,refrigerated,36.299654,91.261868,12.273156,89.098181,TRUCK_036,2,"Stop_0206f5a0,Stop_75c4fbd9"
BATCH_61D3453D7FF8,paneer,8,246.3,131.69,Medium,refrigerated,20.029336,92.682942,12.218676,78.227949,TRUCK_037,1,Stop_51e3918d
BATCH_EBC9208BE0A3,berries,8,201.02,290.81,High,refrigerated,37.526245,84.183528,16.064902,82.911254,TRUCK_037,1,Stop_5c7107c4
BATCH_2C92D1F30D31,broccoli,6,428.17,260.12,Medium,refrigerated,28.142854,85.70136,32.145129,78.431967,TRUCK_037,3,"Stop_9c3414e8,Stop_2e584821,Stop_75ca7a15"
BATCH_78B573255656,amras,5,144.99,294.55,Medium,ambient,21.597138,87.558398,10.306273,79.662639,TRUCK_037,3,"Stop_b089df9f,Stop_a3a80cec,Stop_92dd6a3b"
BATCH_68D0FC62135D,blood_products,10,115.47,249.41,Low,refrigerated,12.005947,88.941985,12.923242,78.288659,TRUCK_038,1,Stop_6bc28d52
BATCH_78916BB7649D,tofu,7,142.59,289.28,Medium,refrigerated,26.58875,70.338562,25.438362,70.300993,TRUCK_038,1,Stop_deeae62c
BATCH_6FBBB3012221,eggs,6,433.37,171.95,Medium,refrigerated,26.908083,88.525789,19.530091,76.792683,TRUCK_038,2,"Stop_2233474e,Stop_1ece5096"
BATCH_FE5D39DAB700,fruits,6,155.8,39.55,High,refrigerated,9.87785,97.076691,34.928672,80.839986,TRUCK_038,3,"Stop_bc2f9208,Stop_afcdb92f,Stop_0e84f8f7"
BATCH_A2670F2DD929,carrots,4,460.05,157.78,Medium,ambient,34.013124,72.474205,24.094079,77.293979,TRUCK_039,1,Stop_bafa2334
BATCH_68465FD2B22C,cheese,6,306.74,118.13,Medium,refrigerated,24.681915,95.443922,35.90999,71.353606,TRUCK_040,4,"Stop_876c2559,Stop_08149df6,Stop_9307695d,Stop_286a1ce0"
BATCH_F3E7899307F2,broccoli,6,260.22,57.03,Medium,refrigerated,22.097238,81.164179,31.005427,73.939764,TRUCK_040,2,"Stop_f88b4cf8,Stop_2caadb4d"
BATCH_20436230609A,frozen_foods,9,80.33,105.74,High,frozen,12.635884,86.99695,25.816711,97.183316,TRUCK_040,3,"Stop_2f9a81ef,Stop_26b8bded,Stop_adce906e"
BATCH_7D662A2F7C18,chicken,9,317.74,35.05,Low,refrigerated,10.708011,87.292443,15.570127,78.241108,TRUCK_040,1,Stop_48efe778
BATCH_4D2EC0B65489,spinach,8,401.89,190.78,High,refrigerated,14.682047,85.340256,25.723545,76.35169,TRUCK_041,1,Stop_bb4c48bb
BATCH_07979E65B9B8,amras,5,239.92,243.74,Medium,ambient,30.072221,82.963968,36.886977,91.50761,TRUCK_041,4,"Stop_07973bd7,Stop_97e9217c,Stop_ff2ae0d4,Stop_fed0165d"
BATCH_583CA119D983,deli_meat,8,318.37,197.87,Medium,refrigerated,9.944677,80.100436,28.01946,76.185958,TRUCK_041,3,"Stop_b1512a2a,Stop_c8fd1b26,Stop_ccf74dce"
BATCH_920044487F69,vegetables,5,432.43,190.58,High,ambient,37.31122,82.956847,34.986687,86.284794,TRUCK_041,4,"Stop_754d5daf,Stop_0a73619d,Stop_a4beb052,Stop_908db922"
BATCH_B520A43D132B,sausage,7,429.59,250.85,Medium,refrigerated,37.495476,85.406487,12.439836,89.146068,TRUCK_042,1,Stop_fd842e2a
BATCH_451151FECC86,chicken,9,332.79,90.25,Low,refrigerated,25.50076,87.000599,28.151095,95.454519,TRUCK_042,1,Stop_09bb76e2
BATCH_F17B32712F21,amras,5,69.96,62.71,Medium,ambient,29.229979,92.142724,21.798923,79.579232,TRUCK_042,3,"Stop_5f0f1089,Stop_9a4617c7,Stop_7f81b7ab"
BATCH_C66F89F9D998,meat,9,368.85,217.92,High,refrigerated,21.803063,87.157393,33.016407,87.255386,TRUCK_043,3,"Stop_ca807e3d,Stop_5d2524a4,Stop_0d18bf77"
BATCH_F3CB33A0EF41,ice_cream,10,275.64,59.79,Medium,frozen,11.894506,87.68723,35.208154,95.384872,TRUCK_043,3,"Stop_d2b84c3a,Stop_d8d266e8,Stop_7cc6e729"
BATCH_A8D30E2339C2,cream,8,205.61,108.71,Low,refrigerated,34.278345,85.891937,13.924461,72.186723,TRUCK_043,2,"Stop_90e17d4f,Stop_757d7ed6"
BATCH_3062FFE6AF52,broccoli,6,497.77,165.95,High,refrigerated,12.553364,75.688951,19.852988,86.702354,TRUCK_044,1,Stop_bb3f7afd
BATCH_881D0BCA9D06,lassi,6,254.07,117.26,Medium,refrigerated,24.71639,74.696782,21.551777,92.544405,TRUCK_045,2,"Stop_02e6fab1,Stop_809026c3"
BATCH_71892A06AD12,lassi,6,439.4,291.43,Low,refrigerated,28.132357,80.658174,9.106057,82.764636,TRUCK_045,2,"Stop_a3d5b0bd,Stop_a03dab2c"
BATCH_FEC2CFEA3DAA,curd,7,187.07,295.58,Low,refrigerated,19.811748,82.713697,32.864747,73.565593,TRUCK_045,4,"Stop_55db9697,Stop_f6d00250,Stop_63e3a683,Stop_c2d1142e"
BATCH_ABEDCAAD23CC,juice,4,84.7,201.74,Low,ambient,15.765175,69.956357,20.763484,86.731968,TRUCK_045,3,"Stop_9b812868,Stop_40cc5274,Stop_d10af729"
BATCH_303CA8697248,yogurt,7,71.24,277.93,Low,refrigerated,26.124988,89.112238,34.722939,70.970012,TRUCK_046,3,"Stop_df23bd29,Stop_e942a95f,Stop_0231468e"
BATCH_4C491372E7E6,lettuce,7,207.09,257.42,High,refrigerated,33.482365,86.635054,22.199898,82.087949,TRUCK_046,2,"Stop_56f1dfbd,Stop_73ef330a"
BATCH_470CB55C09AA,deli_meat,8,400.59,187.43,Low,refrigerated,14.873101,94.422928,29.409437,83.672961,TRUCK_047,1,Stop_ff1876d4
BATCH_6DBD1E38136D,sausage,7,470.01,98.86,High,refrigerated,36.303681,76.442003,15.692227,69.271887,TRUCK_047,4,"Stop_a72b6505,Stop_94000997,Stop_e8ea3976,Stop_37739b0d"
BATCH_F4E7B241E569,carrots,4,381.58,197.71,Low,ambient,11.097182,88.473189,25.637737,78.454884,TRUCK_047,4,"Stop_e5aae20f,Stop_9036cf0c,Stop_70e391ec,Stop_c52bf544"
BATCH_D916C1AEA1B0,lettuce,7,303.73,272.52,Medium,refrigerated,27.602629,93.808482,34.961603,71.879266,TRUCK_047,2,"Stop_84ef2439,Stop_5384182f"
BATCH_7013AE2C3146,frozen_foods,9,405.07,143.04,Medium,frozen,18.420711,92.930061,21.69019,93.040628,TRUCK_048,4,"Stop_85cf9eda,Stop_d4df03f9,Stop_db3ad24a,Stop_e9279a3a"
BATCH_F745B63EB039,ice_cream,10,180.54,207.59,Medium,frozen,22.166081,93.552023,22.723344,82.103951,TRUCK_048,1,Stop_b77f48f3
BATCH_306D3D85213B,soup,3,414.08,245.37,Low,ambient,19.757301,74.033754,16.855695,90.016439,TRUCK_049,3,"Stop_e514448e,Stop_6e85ffa5,Stop_131803e5"
BATCH_3A6161B5A67E,chicken,9,124.94,107.13,Medium,refrigerated,27.647499,95.165103,16.774398,76.644875,TRUCK_049,4,"Stop_0aff8da0,Stop_ea363bdc,Stop_9e8b99e0,Stop_cceefc31"
BATCH_8144CCB4F64A,milk,8,222.9,217.79,Medium,refrigerated,8.428307,91.022962,35.063196,69.744315,TRUCK_050,4,"Stop_d16680ae,Stop_1c53dc0e,Stop_21f4fd93,Stop_5168d623"
BATCH_85B4F1E4F1F8,amras,5,162.59,25.49,Medium,ambient,33.433393,86.173868,30.953656,84.774743,TRUCK_050,1,Stop_bac2a93d
BATCH_EC88FBC0068C,eggs,6,182.92,83.82,Medium,refrigerated,20.790662,80.781439,33.037904,76.943245,TRUCK_050,1,Stop_9c3a9374
BATCH_AED62D0ED543,fish,9,479.25,270.38,High,refrigerated,17.428632,94.87066,36.778234,96.008399,TRUCK_051,4,"Stop_7190f429,Stop_254c6cd1,Stop_1b0faf44,Stop_ee4da5d0"
BATCH_6E99DEE98296,ice_cream,10,174.01,278.7,Low,frozen,31.87154,69.354901,36.189315,72.760222,TRUCK_051,1,Stop_565ba24b
BATCH_314AE264409F,cheese,6,163.34,156.4,High,refrigerated,21.583321,68.897882,25.646399,91.718791,TRUCK_052,1,Stop_2516cfc1
BATCH_98EAACF91273,deli_meat,8,242.63,287.2,High,refrigerated,16.37716,90.415563,13.643578,78.930218,TRUCK_052,3,"Stop_caef1765,Stop_a96da988,Stop_ea67337f"
BATCH_9EECF45D6DA8,idli_dosa_batter,7,59.69,184.14,Low,refrigerated,29.575573,85.76663,33.853658,82.655749,TRUCK_052,2,"Stop_1c05db2b,Stop_a83688a8"
BATCH_7FB301AC6C3B,yogurt,7,373.8,299.64,High,refrigerated,27.040285,85.983461,34.697983,81.208223,TRUCK_053,4,"Stop_4e022a93,Stop_2f1a0851,Stop_7008483a,Stop_656b0614"
BATCH_125789EBD151,curd,7,372.14,160.91,Medium,refrigerated,28.832348,75.258389,37.280279,73.644271,TRUCK_053,4,"Stop_ae3fcdb5,Stop_9d1b90fc,Stop_6cc2833d,Stop_3cccf5ad"
BATCH_A9AEEA89AA37,lettuce,7,280.91,242.68,Medium,refrigerated,35.880352,76.356264,23.167234,92.882202,TRUCK_053,1,Stop_384e6968
BATCH_23B446F3E697,soup,3,288.78,213.21,Low,ambient,10.003491,96.670097,20.578831,77.344898,TRUCK_054,1,Stop_fef930e7
BATCH_A9840B9EBB92,chicken,9,94.39,60.73,High,refrigerated,23.940515,93.966537,33.744668,94.409084,TRUCK_054,1,Stop_b027d48e
BATCH_FCA2BB05D0A1,eggs,6,89.39,154.05,High,refrigerated,11.31819,71.351065,32.140407,78.038993,TRUCK_054,2,"Stop_fe6dcf04,Stop_f113abb9"
BATCH_F893C03E4493,lettuce,7,167.92,210.17,Medium,refrigerated,34.791404,83.844484,13.295614,95.396847,TRUCK_055,4,"Stop_fbe39ee0,Stop_82154d50,Stop_ed361272,Stop_8a6ccdeb"
BATCH_824FE9601317,paneer,8,492.19,276.49,Medium,refrigerated,13.14336,77.675315,28.155026,80.980617,TRUCK_055,2,"Stop_cadb162b,Stop_43392cf7"
BATCH_F1AF17277259,paneer,8,101.24,175.65,Low,refrigerated,33.694863,72.569317,35.633312,88.359244,TRUCK_055,4,"Stop_5e9cf5c9,Stop_4a9cfafa,Stop_38c55727,Stop_83755c2b"
BATCH_68B3433482FD,tofu,7,171.12,76.39,Medium,refrigerated,10.696495,73.764262,16.1275,73.580295,TRUCK_055,4,"Stop_8824afd9,Stop_f53aee02,Stop_53d45fbe,Stop_7704ea55"
BATCH_673721AA58E7,butter,5,175.82,290.72,Medium,ambient,29.006244,79.105782,32.336876,84.134952,TRUCK_056,1,Stop_dc9e2341
BATCH_F843547CCD50,meat,9,390.09,103.6,High,refrigerated,17.438264,73.187892,22.522188,83.044581,TRUCK_057,1,Stop_02579e81
BATCH_BF8624310BFD,tofu,7,399.29,124.08,High,refrigerated,33.834526,79.204871,28.33448,82.514812,TRUCK_058,3,"Stop_0ecf97c9,Stop_f3c4cf17,Stop_ff64be7c"
BATCH_BE6B76DDBBCF,lassi,6,205.04,287.41,Medium,refrigerated,12.495079,85.367373,24.172197,69.941556,TRUCK_058,1,Stop_66847759
BATCH_2148DD01798E,fish,9,475.7,125.43,Low,refrigerated,23.644389,90.073695,23.332245,76.036283,TRUCK_058,4,"Stop_4937e6cf,Stop_a0350212,Stop_69f73663,Stop_e645e2c9"
BATCH_2433DD96C971,frozen_foods,9,75.81,48.33,High,frozen,24.26612,88.295602,13.165807,81.303982,TRUCK_058,3,"Stop_7b3c903c,Stop_24ac9831,Stop_f3baceae"
BATCH_6E6306CD062F,cream,8,193.06,76.76,Low,refrigerated,34.420706,78.276026,9.572287,91.747333,TRUCK_059,1,Stop_3f390ced
BATCH_31EF847A3DDD,chicken,9,481.81,268.84,Medium,refrigerated,34.484171,90.159363,13.769288,77.175994,TRUCK_059,1,Stop_a3e03f25
BATCH_EB47104C775D,carrots,4,444.41,290.05,High,ambient,18.432997,79.980358,12.807352,85.44172,TRUCK_059,2,"Stop_11aa849b,Stop_e73ebf86"
BATCH_978EF90BA92C,broccoli,6,103.33,209.66,High,refrigerated,17.434523,82.068775,34.758655,68.784583,TRUCK_060,3,"Stop_25df54cf,Stop_38d45db1,Stop_f478f789"
BATCH_413081D00343,idli_dosa_batter,7,228.41,293.42,Medium,refrigerated,8.86773,75.420706,29.446909,81.96166,TRUCK_060,4,"Stop_0daeb270,Stop_15d0378d,Stop_6d6eb7fe,Stop_810215d0"
BATCH_1B22F30EFCE2,ice_cream,10,289.97,245.96,High,frozen,12.261813,78.539472,18.171952,79.183159,TRUCK_061,4,"Stop_72d2c73b,Stop_f24eccb3,Stop_f17fc2e4,Stop_3dadbe4c"
BATCH_175069FFE325,blood_products,10,352.32,212.68,High,refrigerated,14.402069,88.514876,30.038005,80.430557,TRUCK_061,1,Stop_4f911769
BATCH_293F8B2BADE4,carrots,4,185.45,111.96,Low,ambient,10.722224,85.200495,20.541186,73.915219,TRUCK_061,1,Stop_a506862d
BATCH_3704B3C0951E,milk,8,439.05,53.32,Low,refrigerated,16.339114,79.078157,14.365387,73.802644,TRUCK_061,1,Stop_94e3f5a6
BATCH_30F43BB43678,meat,9,147.77,94.22,Low,refrigerated,9.967042,90.11911,23.11318,96.29616,TRUCK_062,2,"Stop_84f22e05,Stop_49b21040"
BATCH_49BCA2B4159B,paneer,8,253.13,270.18,Medium,refrigerated,27.734498,89.216548,31.992391,72.996075,TRUCK_063,4,"Stop_81e53f15,Stop_8472bee2,Stop_46de5364,Stop_acc3b223"
BATCH_5D6629BE373A,eggs,6,188.95,116.69,High,refrigerated,17.791794,87.979298,23.70687,94.361548,TRUCK_063,2,"Stop_84064ed3,Stop_2ca003d4"
BATCH_F50305F47823,juice,4,372.37,42.83,High,ambient,34.880199,73.567535,19.215134,95.300173,TRUCK_063,3,"Stop_1c8b30a7,Stop_48d1df99,Stop_66d6e381"
BATCH_6E38304D4A6D,butter,5,316.84,82.33,Medium,ambient,28.228757,71.190519,24.532025,73.430867,TRUCK_064,4,"Stop_cde5e5cf,Stop_534cb601,Stop_15f5ea0a,Stop_98265363"
BATCH_8A1C568ABCEF,amras,5,449.29,250.34,High,ambient,34.449748,79.36267,37.079273,92.398339,TRUCK_065,4,"Stop_ac8d6b72,Stop_8e0d8a53,Stop_1eb50bc2,Stop_d3815af2"
BATCH_BDAF24F53503,meat,9,320.6,197.77,High,refrigerated,24.822329,74.274881,33.308381,85.873345,TRUCK_066,1,Stop_04912f1a
BATCH_0BF92F8DCFE5,spinach,8,219.01,241.47,Low,refrigerated,23.980767,73.617629,10.372479,92.422039,TRUCK_067,4,"Stop_92aa95ea,Stop_a573725b,Stop_aca6b4ba,Stop_a77a1577"
BATCH_9DE1412AAA05,tofu,7,70.74,281.36,Medium,refrigerated,9.980716,72.997787,32.623897,79.353004,TRUCK_068,2,"Stop_1d3dc442,Stop_b686c58f"
BATCH_64D8E8DA958A,eggs,6,338.41,70.04,Low,refrigerated,22.210342,83.620162,29.769008,69.027672,TRUCK_068,2,"Stop_548997db,Stop_e9fc438c"
BATCH_2D05A662E1DF,amras,5,180.43,283.14,Low,ambient,28.052529,73.910864,17.108042,90.976773,TRUCK_069,1,Stop_78f80354
BATCH_17BEB44ADFF0,pharmaceuticals,9,69.23,50.0,Low,refrigerated,23.024568,94.206722,24.251863,91.26119,TRUCK_069,2,"Stop_67ce278a,Stop_5c1ec5dd"
BATCH_98D8058A75D9,fish,9,264.12,282.71,Medium,refrigerated,31.053176,84.509602,24.932288,82.973309,TRUCK_069,2,"Stop_deffa786,Stop_7fcf5dc2"
BATCH_8F762E61CA90,eggs,6,61.42,83.09,Medium,refrigerated,24.066303,74.804567,28.14,72.513262,TRUCK_070,4,"Stop_5fbc09d7,Stop_1d9f5116,Stop_b9ca5cbd,Stop_705e7190"
BATCH_73640AC94059,juice,4,64.73,62.49,Low,ambient,28.120568,88.936489,26.428847,68.883711,TRUCK_070,2,"Stop_d956b10f,Stop_fc40e542"
BATCH_5628336025BD,vaccines,10,451.05,212.93,Low,refrigerated,18.704995,75.812122,33.461061,84.320897,TRUCK_070,2,"Stop_124ce281,Stop_9f16b36a"
BATCH_AE2E09AD5C7A,meat,9,499.52,52.89,Low,refrigerated,11.655334,85.514216,15.239439,78.747661,TRUCK_070,3,"Stop_833d0751,Stop_a60b1e62,Stop_0f7b8d10"
BATCH_0B2D0C8379BF,broccoli,6,237.61,53.14,Low,refrigerated,11.130932,76.090776,33.209171,73.505412,TRUCK_071,1,Stop_d6f74d07
BATCH_6CDF752491D6,tomatoes,5,84.26,150.82,High,ambient,10.621395,76.393624,26.965105,89.336282,TRUCK_071,1,Stop_cfca18ef
BATCH_E65B817F4F2F,spinach,8,269.38,50.16,High,refrigerated,20.922598,96.715043,31.452373,73.050779,TRUCK_071,3,"Stop_cd90dbfc,Stop_1f2d95cd,Stop_a6089038"
BATCH_57579771EB04,sausage,7,463.34,227.61,Medium,refrigerated,15.819559,92.845932,16.852913,95.146814,TRUCK_072,2,"Stop_c67d14f4,Stop_ec95d025"
BATCH_21A22B852279,spinach,8,386.98,84.44,High,refrigerated,31.48727,78.233581,12.233801,93.191784,TRUCK_072,4,"Stop_9aedfb63,Stop_2e8110fd,Stop_5b4ed134,Stop_f0a616a9"
BATCH_D24F597B46A5,tofu,7,416.05,193.85,Medium,refrigerated,36.4328,88.784322,20.85082,75.499349,TRUCK_072,2,"Stop_5f6e782e,Stop_93043202"
BATCH_2712E42F02C1,juice,4,160.21,227.03,Medium,ambient,31.313874,69.010024,11.546651,92.62583,TRUCK_073,2,"Stop_d4e43a7c,Stop_d8847091"
BATCH_176E8E664276,vegetables,5,428.11,172.56,High,ambient,10.51643,76.803602,17.674928,69.331353,TRUCK_073,4,"Stop_2e8c8e0a,Stop_14a83720,Stop_f317648e,Stop_fba530a3"
BATCH_4310CFC2DA6B,frozen_foods,9,137.95,161.54,Low,frozen,19.275922,94.66473,20.641906,72.699815,TRUCK_074,2,"Stop_2847e4e9,Stop_5dc71763"
BATCH_8D91F3A49708,amras,5,55.82,28.64,Low,ambient,20.168464,95.242202,37.163136,86.800628,TRUCK_074,1,Stop_b26b277f
BATCH_64D7DE01F2CC,blood_products,10,427.78,198.8,Low,refrigerated,10.330515,69.445576,32.557738,91.907383,TRUCK_074,3,"Stop_be2b569c,Stop_8c59b3e5,Stop_cc907563"
BATCH_6C127F9DF9DE,lassi,6,67.12,290.23,Low,refrigerated,31.326453,83.485407,16.726087,72.473221,TRUCK_074,4,"Stop_26658dbf,Stop_54250975,Stop_b332c738,Stop_7398e144"
BATCH_38296F325BA9,cream,8,70.56,42.56,Medium,refrigerated,33.213277,94.130847,9.115616,90.013429,TRUCK_075,2,"Stop_852572d2,Stop_b67b5868"
BATCH_FA709FE5027C,juice,4,254.33,206.19,Low,ambient,22.009462,79.791294,12.460898,87.441066,TRUCK_075,4,"Stop_49204b84,Stop_9822c275,Stop_45606307,Stop_a4266265"
BATCH_41F8150C86C3,blood_products,10,425.06,33.51,Low,refrigerated,19.852254,72.299736,27.145511,85.017387,TRUCK_075,2,"Stop_7e769170,Stop_d30a7682"
BATCH_E4A78433A30E,cream,8,149.68,216.79,Low,refrigerated,17.139172,85.030916,13.568759,76.772724,TRUCK_076,3,"Stop_556a993f,Stop_2cdd6583,Stop_5a81c3f1"
BATCH_B81C539E970E,paneer,8,99.63,117.55,Medium,refrigerated,35.007227,83.794371,12.009102,70.660906,TRUCK_077,2,"Stop_c8509aa0,Stop_b5c529fb"
BATCH_ECFE7579F9DC,lassi,6,445.91,49.86,High,refrigerated,11.696645,87.414301,28.480636,76.82279,TRUCK_078,1,Stop_7206caee
BATCH_2D99DF77BD9F,vaccines,10,325.05,184.97,High,refrigerated,35.265818,83.607496,37.055457,71.673723,TRUCK_079,1,Stop_c28edbc6
BATCH_7D1EF88607A5,bacon,7,259.8,134.37,High,refrigerated,25.334282,80.9027,29.157862,87.056742,TRUCK_080,2,"Stop_e5db02f0,Stop_7d82291b"
BATCH_93792A184D4B,chicken,9,413.38,294.18,Medium,refrigerated,29.538427,69.087106,32.638143,84.817143,TRUCK_081,1,Stop_5054f360
BATCH_01FA615BD563,curd,7,381.39,280.9,High,refrigerated,19.822289,69.390506,34.746287,85.932889,TRUCK_081,3,"Stop_80ef83a6,Stop_47d397bb,Stop_b0d89213"
BATCH_F689CF8ABEF9,frozen_foods,9,402.62,139.74,Medium,frozen,26.500054,69.825694,23.375045,76.87939,TRUCK_082,3,"Stop_b718e6c6,Stop_8709137a,Stop_05142926"
BATCH_54B44FFAF445,curd,7,121.68,37.72,Low,refrigerated,30.335135,84.25308,23.435123,90.862742,TRUCK_083,2,"Stop_7631ed7d,Stop_4544f501"
BATCH_20BE43AE09AF,vegetables,5,78.48,253.55,High,ambient,37.257,85.217291,32.945089,72.762672,TRUCK_084,2,"Stop_6ce6f3f5,Stop_9fc16618"
BATCH_3C8E55B7FA80,tofu,7,459.09,63.28,Medium,refrigerated,16.730644,73.652541,32.984593,95.574298,TRUCK_084,2,"Stop_b11b81b0,Stop_adb0c5e0"
BATCH_BF18AEC14764,soup,3,280.08,113.66,Medium,ambient,10.47693,85.676165,30.445267,85.027523,TRUCK_085,2,"Stop_b54173bc,Stop_df5a51b1"
BATCH_8270BFD9C723,berries,8,388.59,235.68,Medium,refrigerated,26.103484,73.981405,34.429858,76.035488,TRUCK_085,4,"Stop_7e0b125a,Stop_8b4fc029,Stop_8e12ca78,Stop_a5d9dd21"
BATCH_C97FCCE4F70F,butter,5,451.59,217.73,High,ambient,12.687762,71.61885,23.061919,71.782165,TRUCK_086,2,"Stop_d0ade513,Stop_65ad5e88"
BATCH_3F4D0403B710,tomatoes,5,306.53,60.97,Low,ambient,21.954068,93.386759,23.79305,76.508723,TRUCK_086,3,"Stop_20a6cde9,Stop_be2759ec,Stop_88295215"
BATCH_1B97A8254C6C,yogurt,7,305.89,262.08,Low,refrigerated,21.931286,91.831667,11.936927,93.479523,TRUCK_087,2,"Stop_3482c3f3,Stop_b869de82"
BATCH_10687A3B0252,milk,8,312.03,95.53,Medium,refrigerated,34.160697,72.397957,26.797896,69.76747,TRUCK_087,2,"Stop_a0adb02f,Stop_96c92521"
BATCH_C621C8DC1067,broccoli,6,369.12,63.07,High,refrigerated,27.322003,73.430217,9.127115,88.409906,TRUCK_087,4,"Stop_f606fdab,Stop_db835149,Stop_ed7b9142,Stop_2c0002fb"
BATCH_81689E77467D,fruits,6,363.17,130.68,High,refrigerated,33.044806,74.565279,19.767187,91.154272,TRUCK_088,2,"Stop_4130c3b8,Stop_928e84a4"
BATCH_4DE3E88F27C4,lassi,6,271.2,176.8,Low,refrigerated,29.371095,80.946776,36.894428,95.769933,TRUCK_089,3,"Stop_e4cacb13,Stop_84a392c2,Stop_8273f5d9"
BATCH_002E758EFEC3,spinach,8,168.31,208.03,Medium,refrigerated,34.048768,79.99939,35.950786,87.964776,TRUCK_089,3,"Stop_c7c9ec21,Stop_c1e0ce56,Stop_014a80c0"
BATCH_66BCB0CA72AB,butter,5,267.47,239.43,Low,ambient,36.104178,93.090154,16.271953,96.566499,TRUCK_089,1,Stop_49f81c27
BATCH_DA0379597F6F,meat,9,448.47,218.12,High,refrigerated,11.218203,69.745557,10.526584,79.665802,TRUCK_089,4,"Stop_c4d776aa,Stop_19cda66b,Stop_d5e87ec8,Stop_d09c2af0"
BATCH_9362A3EBB256,pharmaceuticals,9,127.26,146.54,Low,refrigerated,37.566612,69.744675,9.650069,70.345343,TRUCK_090,1,Stop_2e92c238
BATCH_879196B7ED60,juice,4,252.3,190.94,Medium,ambient,12.433188,92.74536,19.728035,93.46201,TRUCK_090,2,"Stop_3fa97bee,Stop_fc4066c4"
BATCH_785314059225,spinach,8,304.43,73.56,Medium,refrigerated,30.519938,89.217106,13.038765,69.635309,TRUCK_091,4,"Stop_b6e73669,Stop_77d16d11,Stop_71b47112,Stop_98d06216"
BATCH_026F123E1890,sausage,7,72.52,40.94,High,refrigerated,19.265186,73.830397,17.917301,82.501356,TRUCK_091,1,Stop_60039e72
BATCH_BD4CDB296066,soup,3,426.81,241.74,Low,ambient,27.285173,85.525268,36.832343,93.944208,TRUCK_091,1,Stop_03e41336
BATCH_A7DCFABE608E,curd,7,80.83,121.14,Medium,refrigerated,9.510172,75.52335,11.665296,82.231511,TRUCK_091,1,Stop_03287433
BATCH_337A5A70C1E6,idli_dosa_batter,7,445.04,144.99,High,refrigerated,27.842401,77.833906,26.575641,87.023235,TRUCK_092,4,"Stop_2da22301,Stop_709c82c8,Stop_b053302a,Stop_4068582e"
BATCH_0C8BBFEA1180,eggs,6,356.5,140.74,High,refrigerated,26.23456,92.716863,11.860789,70.044377,TRUCK_092,2,"Stop_d44f0b77,Stop_3fa63b79"
BATCH_91B275777E65,paneer,8,345.51,263.71,High,refrigerated,29.869578,96.953992,23.026665,96.66676,TRUCK_093,3,"Stop_8072af2f,Stop_5dc85959,Stop_0008cc59"
BATCH_F8DF2FC37761,deli_meat,8,325.83,69.32,Medium,refrigerated,16.737815,90.651858,15.892134,90.471098,TRUCK_093,2,"Stop_c0972f72,Stop_920a9016"
BATCH_4A88B192E23A,curd,7,427.14,46.67,Low,refrigerated,29.939134,86.01996,36.047085,78.95176,TRUCK_093,4,"Stop_859ef5a8,Stop_0562e34b,Stop_234c7a63,Stop_7f02af45"
BATCH_49B87A016C8F,juice,4,424.13,207.37,Medium,ambient,33.08503,95.115969,18.598951,92.824901,TRUCK_093,2,"Stop_8eb8bb59,Stop_ba861599"
BATCH_E66E191E3174,cheese,6,420.18,71.5,Low,refrigerated,25.5101,96.407609,35.350664,78.305843,TRUCK_094,2,"Stop_ff912e75,Stop_18f4b310"
BATCH_45AE7CE60E98,sausage,7,299.97,192.81,Medium,refrigerated,12.943237,80.065511,23.048486,96.348595,TRUCK_094,2,"Stop_b83482d4,Stop_29fe822d"
BATCH_C16A5A8DE3FC,vegetables,5,190.04,180.64,Low,ambient,8.858499,84.645608,13.30104,79.863878,TRUCK_094,4,"Stop_08c711f9,Stop_ad9b6e6b,Stop_cb5dd6bf,Stop_734a17d5"
BATCH_07C5B790F8C1,paneer,8,272.6,112.56,Low,refrigerated,23.379154,74.987085,29.769351,77.637031,TRUCK_094,3,"Stop_34016b73,Stop_2a508e5b,Stop_ee2a3c12"
BATCH_8065C3D490CB,vaccines,10,54.5,214.75,Medium,refrigerated,10.684275,92.430899,19.259993,90.989594,TRUCK_095,3,"Stop_858c61a8,Stop_46bfd59c,Stop_24f35a4d"
BATCH_437918A69FAD,deli_meat,8,295.67,229.54,Low,refrigerated,10.778046,88.990017,18.778778,68.825193,TRUCK_095,4,"Stop_00e2ab37,Stop_34c02d31,Stop_c960c6b6,Stop_51695344"
BATCH_2B1DEDFFDF79,fish,9,255.07,198.02,Low,refrigerated,30.97806,76.774891,32.110503,81.779547,TRUCK_095,3,"Stop_99170cce,Stop_c45c06a9,Stop_cf681017"
BATCH_EBB726A4EBB8,lassi,6,445.62,288.85,Medium,refrigerated,27.676335,83.919341,16.734499,96.527424,TRUCK_095,2,"Stop_bfb27424,Stop_e0ef26af"
BATCH_C51201DCB91E,chicken,9,170.39,133.34,Low,refrigerated,21.742376,82.641137,9.949277,85.658458,TRUCK_096,4,"Stop_ab78cfc1,Stop_9042d437,Stop_24afdbcb,Stop_0a719efc"
BATCH_00CDF4A2C9CA,paneer,8,351.93,134.65,High,refrigerated,34.133524,76.319085,36.227457,96.485523,TRUCK_097,4,"Stop_d6f11233,Stop_20f53804,Stop_4b919859,Stop_c544489a"
BATCH_C19626BEED63,juice,4,381.18,56.13,Low,ambient,37.299263,85.828257,15.742515,74.343191,TRUCK_097,1,Stop_d0ce0f72
BATCH_1DF503135810,milk,8,337.12,135.79,Medium,refrigerated,22.164901,81.029374,24.638102,86.526384,TRUCK_098,1,Stop_cf9cd726
BATCH_AF882343BD56,lettuce,7,271.1,147.13,Low,refrigerated,11.850218,80.135769,28.151758,84.568841,TRUCK_098,2,"Stop_1453acdf,Stop_0e898417"
BATCH_C34C922A18AA,berries,8,485.85,205.77,Medium,refrigerated,10.698775,70.178168,30.945955,75.632153,TRUCK_098,3,"Stop_37f231b9,Stop_72467b7c,Stop_9654888a"
BATCH_A1A60CB58921,butter,5,330.0,128.55,High,ambient,26.743075,70.860593,37.316654,69.712131,TRUCK_098,1,Stop_c62cebab
BATCH_0C99B1867CC4,broccoli,6,322.93,55.68,Low,refrigerated,22.927524,77.713782,32.245979,79.185918,TRUCK_099,3,"Stop_e05412a3,Stop_c0cd0499,Stop_2655517f"
BATCH_D09A0F64BB24,ice_cream,10,489.35,91.98,Low,frozen,12.236667,73.198176,32.258965,82.241553,TRUCK_099,1,Stop_0d447dd8
BATCH_389193B94755,fruits,6,262.97,139.09,Medium,refrigerated,17.38708,69.721507,31.553433,84.813604,TRUCK_100,3,"Stop_06600f57,Stop_7a109d6a,Stop_24f07942"
